;;;;;;;;;;;;;;;;;;;;;;;;;;;;;
Calibration curve;;;;;;;;Optic density (OD600);;;;;;;;;;Phosphorus;;;;;;;;;;;
A600 (a.u.);mPi (ng);Promedium A600 (a.u.);SD;mPi (ng);;;;Time (min);WT (diluted);Transformant (diluted);WT;WT (SD);Transformant;Transformant (SD);Time (min);;;Time (min);WT (diluted);Transformant (diluted);WT (interpolated) (ng);Transformant (interpolated) (ng);WT (total ng/OD600);Transformant (total ng/OD600);WT (prom(total ng/OD600));WT (SD);Transformant (prom(total ng/OD600));Transformant (SD);Time (min)
0,255;0;0,217;0,033;0;;;;0;0,173;0,18;1,7650;0,0049;1,8100;0,0014;0;;;0;0,385;0,581;158;347;446482;958370;418206;24526;949476;13162;0
0,201;0;0,294;0,009;95;;;;0;0,18;0,182;1,7100;0,0000;1,7800;0,0000;15;;;0;0,37;0,58;143;346;405437;955702;586055;59936;550346;35412;15
0,196;0;0,403;0,025;190;;;;0;;;1,7750;0,0007;1,6700;0,0042;30;;;0;0,369;0,572;142;338;402700;934355;942802;161645;887364;123591;30
0,283;95;0,744;0,012;475;;;;15;0,171;0,178;1,7400;0,0014;1,7300;0,0014;45;;;15;0,453;0,435;223;206;652898;578383;588904;48156;605336;42735;45
0,301;95;1,248;0,009;950;;;;15;0,171;0,178;1,7350;0,0021;1,7750;0,0120;60;;;15;0,412;0,41;184;182;537100;510551;590601;34879;840314;111933;60
0,297;95;2,163;0,013;1900;;;;15;;;1,6100;0,0042;1,6250;0,0106;75;;;15;0,423;0,429;194;200;568168;562104;950432;115961;859431;31454;75
0,43;190;;;;;;;30;0,178;0,17;1,6100;0,0085;1,6100;0,0014;90;;;30;0,549;0,578;316;344;890198;1030036;953431;94687;1023426;23998;90
0,398;190;;;;;;;30;0,177;0,164;1,4400;0,0028;1,6200;0,0042;105;;;30;0,635;0,505;399;274;1124197;818920;1164371;34855;1139340;83102;105
0,38;190;;Slope;0,001035274;;;;30;;;1,4250;0,0035;1,4900;0,0014;120;;;30;0,521;0,503;289;272;814012;813136;1202611;44233;1371642;19716;120
0,747;475;;Intersection;0,221832565;;;;45;0,173;0,174;;;;;;;;45;0,443;0,447;214;217;613885;628600;;;;;
0,754;475;;;;;;;45;0,175;0,172;;;;;;;;45;0,414;0,448;186;218;533391;631392;;;;;
0,731;475;;;;;;;45;;;;;;;;;;45;0,445;0,421;216;192;619436;556016;;;;;
1,245;950;;;;;;;60;0,172;0,169;;;;;;;;60;0,435;0,567;206;333;593385;939175;;;;;
1,258;950;;;;;;;60;0,175;0,186;;;;;;;;60;0,421;0,539;192;306;554413;862989;;Dilution factor;5000;;
1,24;950;;;;;;;60;;;;;;;;;;60;0,446;0,486;217;255;624005;718780;;;;;
2,148;1900;;;;;;;75;0,164;0,17;;;;;;;;75;0,583;0,507;349;275;1083422;847542;;;;;
2,172;1900;;;;;;;75;0,158;0,155;;;;;;;;75;0,521;0,503;289;272;897436;835654;;;;;
2,169;1900;;;;;;;75;;;;;;;;;;75;0,512;0,523;280;291;870438;895096;;Speed (absortion range);;;
;;;;;;;;90;0,155;0,162;;;;;;;;90;0,551;0,555;318;322;987429;999428;;WT;6449,858816;;
;;;;;;;;90;0,167;0,16;;;;;;;;90;0,504;0,571;273;337;846439;1047424;;Transformant;11016,98977;;
;;;;;;;;90;;;;;;;;;;90;0,564;0,563;331;330;1026426;1023426;;;;;
;;;;;;;;105;0,142;0,159;;;;;;;;105;0,581;0,596;347;361;1204618;1115490;;Speed rate;1,708097818;;
;;;;;;;;105;0,146;0,165;;;;;;;;105;0,563;0,581;330;347;1144247;1070771;;;;;
;;;;;;;;105;;;;;;;;;;105;0,563;0,635;330;399;1144247;1231759;;;;;
;;;;;;;;120;0,145;0,148;;;;;;;;120;0,589;0,641;355;405;1244412;1358677;;;;;
;;;;;;;;120;0,14;0,15;;;;;;;;120;0,563;0,642;330;406;1156292;1361918;;;;;
;;;;;;;;120;;;;;;;;;;120;0,578;0,652;344;416;1207130;1394332;;;;;
;;;;;;;;;;;;;;;;;;;;;;;;;;;;;
;;;;;;;;;;;;;;;;;;;;;;;;;;;;;
